{
  "training_history": {
    "accuracy": [
      0.6666666865348816,
      0.6875,
      0.7222222089767456,
      0.75,
      0.7777777910232544,
      0.625,
      0.7777777910232544,
      0.875,
      0.8015872836112976,
      0.625,
      0.7936508059501648,
      0.8125,
      0.7698412537574768,
      0.8125,
      0.7777777910232544,
      0.6875,
      0.8253968358039856,
      0.8125,
      0.841269850730896,
      0.9375,
      0.682539701461792,
      0.75,
      0.6507936716079712,
      0.8125,
      0.6904761791229248,
      0.6875,
      0.6666666865348816,
      0.875,
      0.6796875,
      0.7142857313156128,
      0.703125,
      1.0,
      0.738095223903656,
      0.875,
      0.7142857313156128,
      0.8125,
      0.7301587462425232,
      0.75,
      0.7063491940498352,
      0.8125,
      0.7460317611694336
    ],
    "loss": [
      0.7681226134300232,
      0.8377749919891357,
      0.6866950988769531,
      0.7624343037605286,
      0.5572565197944641,
      0.7703539133071899,
      0.4639548659324646,
      0.3018450438976288,
      0.43405354022979736,
      0.8197757005691528,
      0.5303961634635925,
      0.37170809507369995,
      0.619685173034668,
      0.24990949034690857,
      0.45705264806747437,
      0.6523566246032715,
      0.4095921218395233,
      0.47953668236732483,
      0.35830172896385193,
      0.3143613934516907,
      0.6484919786453247,
      0.5019960403442383,
      0.7715801000595093,
      0.41190555691719055,
      0.620934009552002,
      0.6540886163711548,
      0.6714536547660828,
      0.3973812758922577,
      0.6719911694526672,
      0.5836580395698547,
      0.5826004147529602,
      0.1952512562274933,
      0.5730966925621033,
      0.33611685037612915,
      0.6055154204368591,
      0.5754172801971436,
      0.5489307641983032,
      0.5817793011665344,
      0.6911420226097107,
      0.5774987936019897,
      0.5417117476463318
    ],
    "val_accuracy": [
      0.4375,
      0.4375,
      0.5625,
      0.625,
      0.6875,
      0.6875,
      0.875,
      0.875,
      0.8125,
      0.8125,
      0.8125,
      0.8125,
      0.8125,
      0.8125,
      0.8125,
      0.8125,
      0.875,
      0.875,
      0.8125,
      0.8125,
      0.875,
      0.8125,
      0.8125,
      0.8125,
      0.8125,
      0.8125,
      0.8125,
      0.8125,
      0.8125,
      0.8125,
      0.8125,
      0.8125,
      0.875,
      0.875,
      0.875,
      0.875,
      0.8125,
      0.8125,
      0.8125,
      0.8125,
      0.8125
    ],
    "val_loss": [
      0.7872147560119629,
      0.7775440216064453,
      0.6891510486602783,
      0.6817271113395691,
      0.6371830701828003,
      0.6321413516998291,
      0.5371483564376831,
      0.5268599987030029,
      0.47045135498046875,
      0.472063273191452,
      0.45697760581970215,
      0.4541257619857788,
      0.40447574853897095,
      0.40076130628585815,
      0.3834545612335205,
      0.38028016686439514,
      0.36023247241973877,
      0.358822762966156,
      0.3660518527030945,
      0.36480534076690674,
      0.3494659960269928,
      0.3485655188560486,
      0.3425639867782593,
      0.34182077646255493,
      0.33868008852005005,
      0.3381112813949585,
      0.3346726596355438,
      0.3342703878879547,
      0.3319661617279053,
      0.3321879804134369,
      0.33051425218582153,
      0.3307740092277527,
      0.3289526104927063,
      0.3290751576423645,
      0.3298754096031189,
      0.32945966720581055,
      0.33080223202705383,
      0.33094513416290283,
      0.3323652148246765,
      0.3322247862815857,
      0.33379170298576355
    ],
    "learning_rate": [
      0.0010000000474974513,
      0.0010000000474974513,
      0.0010000000474974513,
      0.0010000000474974513,
      0.0010000000474974513,
      0.0010000000474974513,
      0.0010000000474974513,
      0.0010000000474974513,
      0.0010000000474974513,
      0.0010000000474974513,
      0.0010000000474974513,
      0.0010000000474974513,
      0.0010000000474974513,
      0.0010000000474974513,
      0.0010000000474974513,
      0.0010000000474974513,
      0.0010000000474974513,
      0.0010000000474974513,
      0.0010000000474974513,
      0.0010000000474974513,
      9.999999747378752e-06,
      9.999999747378752e-06,
      9.999999747378752e-06,
      9.999999747378752e-06,
      9.999999747378752e-06,
      9.999999747378752e-06,
      9.999999747378752e-06,
      9.999999747378752e-06,
      9.999999747378752e-06,
      9.999999747378752e-06,
      9.999999747378752e-06,
      9.999999747378752e-06,
      9.999999747378752e-06,
      9.999999747378752e-06,
      9.999999747378752e-06,
      9.999999747378752e-06,
      4.999999873689376e-06,
      4.999999873689376e-06,
      4.999999873689376e-06,
      2.499999936844688e-06,
      2.499999936844688e-06
    ]
  },
  "metrics": {
    "accuracy": 0.774193525314331,
    "precision": 0.7222222222222222,
    "recall": 0.8666666666666667,
    "f1_score": 0.7878787878787878
  },
  "confusion_matrix": [
    [
      11,
      5
    ],
    [
      2,
      13
    ]
  ],
  "model_architecture": "EfficientNetB0 + Transfer Learning",
  "input_size": 224,
  "total_images": 204,
  "train_size": 142,
  "val_size": 31,
  "test_size": 31
}